tag_ID,Stacks,Bayescan,Bayenv
34655,0,0,1
16078,1,0,1
19543,1,1,1
34794,0,0,1
16077,1,0,0
39952,1,0,0
22839,0,1,0
3658,1,0,0
1868,0,0,1
40655,1,0,0
8547,0,1,0
6728,0,1,1
24313,0,0,1
3652,1,0,0
3556,0,0,1
2264,0,0,1
7304,0,1,0
7435,0,1,0
44721,0,1,0
17754,0,1,0
16160,1,0,0
49117,1,0,0
60983,1,0,0
28744,0,1,0
4863,1,0,0
4860,1,0,0
10744,1,0,0
10743,1,0,0
31202,0,1,0
34884,0,1,0
39948,1,0,0
39949,1,0,0
3836,0,0,1
11187,0,0,1
30196,0,0,1
50449,0,1,1
46323,0,0,1
39944,1,0,0
3839,0,0,1
39946,1,0,0
34723,1,0,0
51566,1,0,0
34720,1,0,0
3405,0,1,0
26730,0,1,0
6091,1,0,0
6090,1,1,0
33471,0,1,0
14214,0,1,0
20368,0,0,1
38364,1,0,0
19064,0,0,1
32561,0,0,1
24436,0,0,1
22846,1,0,0
17852,0,0,1
47444,0,0,1
45136,0,1,0
26433,0,1,0
46984,0,1,0
37214,1,0,0
47448,0,0,1
27274,0,1,0
36016,0,0,1
45851,0,1,0
48622,0,1,0
19042,0,1,1
19205,1,0,1
55327,1,0,0
4834,0,0,1
11883,1,0,0
11882,1,0,0
117,0,1,0
5764,0,1,0
11888,1,0,0
34535,1,0,0
34744,1,0,0
21740,1,0,0
19447,1,1,1
21745,1,0,0
53385,1,0,0
4123,1,0,1
4122,1,1,1
19079,1,0,0
29332,1,1,0
16065,1,1,1
15580,1,0,0
16067,1,1,1
24311,0,0,1
45610,1,1,1
20535,0,0,1
34323,0,0,1
16069,1,1,1
16141,1,0,0
19199,1,0,0
3667,1,0,1
3666,1,0,1
3661,1,0,0
45670,0,1,0
3669,1,0,0
19441,0,0,1
19195,1,0,1
52400,1,0,0
19444,1,0,1
37252,0,0,1
21685,1,0,0
23493,0,0,1
11894,1,1,0
24889,0,1,0
13433,1,1,1
13435,1,0,0
13436,1,0,0
4119,1,0,0
3464,0,0,1
3461,0,0,1
27653,0,0,1
33384,1,0,0
17970,1,0,1
17242,0,0,1
45600,1,0,0
45603,1,1,1
37939,0,1,0
45605,1,0,0
17967,1,0,1
25871,1,1,1
16151,1,0,0
43047,0,0,1
13447,1,0,0
19196,1,0,0
4955,0,1,0
34699,1,0,0
23488,0,0,1
16139,1,0,0
31654,1,0,0
23484,0,1,0
18192,0,0,1
34772,1,0,0
31655,1,0,1
31446,0,1,0
24217,0,1,0
3514,0,1,0
34757,1,0,0
37087,0,1,0
7498,1,0,1
7499,1,0,0
21682,1,0,0
37244,0,0,1
21681,1,0,0
4826,0,0,1
31651,1,0,1
17964,1,0,0
30034,0,1,0
7496,1,0,0
17963,1,0,0
7495,1,0,0
28090,1,0,0
34426,0,1,0
4118,1,0,0
15808,0,1,0
60957,0,0,1
53280,1,0,0
25867,1,1,1
21220,1,0,0
31596,0,0,1
34321,0,0,1
48023,0,0,1
45143,0,0,1
12869,0,0,1
22638,0,1,0
18223,0,0,1
43732,0,1,0
30641,0,1,0
14780,1,0,0
45381,0,1,0
16081,0,0,1
7844,1,0,1
17509,0,1,0
10745,1,0,0
38240,1,0,0
38241,1,1,0
44713,0,0,1
25853,0,0,1
17952,1,0,1
864,1,0,0
26049,0,0,1
37925,0,1,1
46665,0,0,1
22332,1,0,0
22331,1,0,0
34771,1,0,0
19081,1,0,0
53279,1,1,1
48627,1,0,0
53374,1,0,0
48629,1,0,0
52692,1,0,0
35161,1,0,0
15577,1,1,0
12540,0,1,0
23634,0,1,0
39285,1,0,0
27654,0,0,1
39283,1,1,0
9221,0,0,1
6340,0,0,1
7497,1,0,1
1616,1,0,0
30191,0,0,1
1614,1,0,0
11178,0,0,1
38567,0,1,0
1611,1,0,0
18637,0,0,1
18636,0,0,1
24439,0,0,1
46777,0,1,0
35777,0,1,0
1562,0,1,1
38239,1,0,0
48031,0,0,1
3505,0,1,0
20380,0,1,1
43039,0,0,1
21791,1,1,1
30203,0,0,1
35156,1,0,0
35155,1,0,0
46327,0,0,1
48598,0,1,0
39294,1,0,0
14377,1,0,0
48032,0,1,0
14765,1,0,0
14764,1,0,0
18182,0,0,1
14763,1,0,0
35820,0,1,1
36564,0,1,0
43267,0,1,0
22855,1,0,0
19001,0,1,0
19439,0,0,1
12201,0,1,0
