chrom	bp	SNPID	std_rank	avg_rank_rel
scaffold_0	12990332	117	436.3351235	0.962209400984
scaffold_1	10372072	16802	316.367650053	0.954768369252
scaffold_1	12689610	16910	361.49268319	0.961547598846
scaffold_102	1562973	1284	463.185697102	0.961148820635
scaffold_103	810703	1766	398.257564272	0.960610045817
scaffold_103	1580146	1562	541.024315535	0.959384014933
scaffold_109	2382206	2713	505.215112601	0.950135754285
scaffold_110	623630	3459	224.376575203	0.965217206856
scaffold_110	2268317	3405	264.750807364	0.973264890548
scaffold_111	1396071	3540	303.534722067	0.954848973358
scaffold_119	1567017	4860	240.29325313	0.956596809774
scaffold_12	3799847	6728	453.94936667	0.957207704056
scaffold_12	7678845	6949	447.576638689	0.954908365858
scaffold_120	341203	5569	375.173356597	0.954781096216
scaffold_13	5319891	8547	351.522613071	0.96656626506
scaffold_143	245956	9072	477.241395941	0.952698116409
scaffold_145	1007020	9195	250.50973534	0.963036653657
scaffold_147	1173224	9394	424.757577919	0.962073646699
scaffold_148	543741	9559	238.700916421	0.970401323604
scaffold_149	1281289	9581	172.255362761	0.978219921941
scaffold_159	594470	11119	301.515422491	0.970261326998
scaffold_16	1906413	12657	364.649091594	0.951993891057
scaffold_162	162253	11911	93.2632832362	0.983234345834
scaffold_162	1301107	11894	297.490415812	0.966651111488
scaffold_17	5290873	14214	420.320758469	0.952112676056
scaffold_174	465116	13454	233.354338935	0.965632954353
scaffold_19	3537015	16534	321.606980646	0.967206855591
scaffold_193	504998	15794	383.852116706	0.961314271169
scaffold_193	537410	15799	311.753311931	0.965327507212
scaffold_193	552836	15806	329.001105621	0.962442728661
scaffold_193	579879	15808	167.001167661	0.977931444086
scaffold_197	125383	16065	114.723787856	0.986632445274
scaffold_197	143069	16067	153.281244776	0.985355506533
scaffold_197	150472	16069	141.805994232	0.985966400815
scaffold_197	792060	16160	307.165895731	0.954288986934
scaffold_2	2070518	26607	233.799294268	0.953309010691
scaffold_2	4083295	26730	337.745081385	0.971881893772
scaffold_200	222814	17764	316.138715598	0.964555404717
scaffold_21	3250318	19691	396.126545437	0.959833701001
scaffold_212	153588	19042	427.060546059	0.957042253521
scaffold_215	576905	19268	177.388810245	0.972009163414
scaffold_215	615107	19284	306.739347818	0.964165111149
scaffold_23	6086778	21617	230.892074355	0.97560665196
scaffold_230	735168	20981	239.343894846	0.960207025284
scaffold_236	96337	21199	316.421471301	0.960296114034
scaffold_24	1498650	22134	416.272398797	0.954378075683
scaffold_241	705843	21778	270.166703167	0.961059731885
scaffold_25	576857	53125	503.363427356	0.951688443917
scaffold_254	347101	22638	232.935028495	0.982296792805
scaffold_258	454546	22839	140.644543086	0.981991345664
scaffold_258	566161	22855	390.463877971	0.964754793823
scaffold_267	76845	23634	80.8899715663	0.989542677753
scaffold_267	372013	23607	444.925035821	0.960482776175
scaffold_27	4496336	24589	341.477740856	0.955578652639
scaffold_285	303690	25011	256.341276427	0.97017648057
scaffold_29	3739316	25997	304.023333808	0.961755472595
scaffold_29	4282179	26069	376.942366284	0.951675716952
scaffold_292	437500	25664	321.52969925	0.950530290175
scaffold_3	13412754	32138	411.869575837	0.965132360428
scaffold_30	1273610	27274	169.49082571	0.980943492279
scaffold_31	5440635	28071	462.011631347	0.952099949092
scaffold_32	5418726	28596	313.571407338	0.955722891566
scaffold_35	3753312	30034	340.086371382	0.966791108094
scaffold_36	5276113	30641	196.709246097	0.976892075344
scaffold_361	62963	30250	237.154042765	0.976446631597
scaffold_38	4252011	31446	245.233786416	0.974486679111
scaffold_39	1277431	31602	230.892074355	0.97560665196
scaffold_404	79400	32832	135.632960596	0.983030714407
scaffold_41	1677447	33306	200.787070052	0.970604955031
scaffold_412	146778	33207	339.375897789	0.962837264551
scaffold_44	2691477	34417	431.086116687	0.957288308162
scaffold_44	2724350	34426	214.666695135	0.981410147633
scaffold_46	1549235	34910	405.843476602	0.963486339725
scaffold_48	2073968	35777	271.41138517	0.970184965213
scaffold_48	2642899	35820	223.517219695	0.976629051417
scaffold_50	3702547	37244	394.283638387	0.957470727982
scaffold_53	3927324	37939	509.604304829	0.958717970473
scaffold_59	1629457	39354	270.621617762	0.96896317665
scaffold_62	2613588	40780	196.549453065	0.968373493976
scaffold_7	3119664	44884	399.727191344	0.961170032242
scaffold_74	2770538	43732	221.634716369	0.978029017478
scaffold_80	429607	45381	436.3351235	0.962209400984
scaffold_88	517307	46870	648.231152831	0.954000509079
scaffold_9	10321478	49110	435.517608714	0.95276175123
